{
  "properties": {
    "activities": [
      {
        "name": "Ingest Data",
        "type": "RefreshDataflow",
        "dependsOn": [],
        "policy": {
          "timeout": "0.12:00:00",
          "retry": 0,
          "retryIntervalInSeconds": 30,
          "secureOutput": false,
          "secureInput": false
        },
        "typeProperties": {
          "dataflowId": "f875dfef-7260-4586-b823-d2588bea1eca",
          "workspaceId": "5bc9fde0-6a0f-48ed-afe6-e4cbaf81ae60",
          "notifyOption": "NoNotification"
        }
      }
    ]
  }
}